{"cameraMode":{"drawMode":0,"name":"Shaded","section":"Shading Mode"},"sceneLighting":true,"audioPlay":false,"sceneViewState":{"m_AlwaysRefresh":false,"showFog":true,"showSkybox":true,"showFlares":true,"showImageEffects":true,"showParticleSystems":true,"showVisualEffectGraphs":true,"m_FxEnabled":true},"in2DMode":false,"pivot":{"x":1.0920982360839844,"y":15.596687316894532,"z":2.0267302989959719},"rotation":{"x":0.14197593927383424,"y":-0.6888883113861084,"z":0.14035974442958833,"w":0.6968386173248291},"size":5.079410076141357,"orthographic":false}