{"cameraMode":{"drawMode":0,"name":"Shaded","section":"Shading Mode"},"sceneLighting":false,"audioPlay":false,"sceneViewState":{"m_AlwaysRefresh":false,"showFog":true,"showSkybox":false,"showFlares":true,"showImageEffects":true,"showParticleSystems":true,"showVisualEffectGraphs":true,"m_FxEnabled":true},"in2DMode":false,"pivot":{"x":0.008799690753221512,"y":0.17006535828113557,"z":-0.00977259874343872},"rotation":{"x":0.019057562574744226,"y":0.9705918431282044,"z":-0.22552801668643952,"w":0.08201627433300019},"size":0.16945171356201173,"orthographic":false}